method,method_label,samples,success_count,success_rate_%,mean_elapsed_ms,mean_center_error_px,mean_radius_error_px,mean_circle_iou_gt,mean_edge_coverage,mean_confidence,mean_mask_iou_internal
method1,霍夫圆变换,16,16,100.0,31456.684917211533,263.0183328895114,141.37096166610718,0.11896454528849425,0.009369347979658217,0.11022672128770576,
method2,轮廓最小外接圆,16,16,100.0,8.181154727935791,687.9164499699614,82.44040155410767,0.0,0.004150883838383838,,0.0038961093077291174
method3,Canny+霍夫,16,1,6.25,26.302888989448547,277.25157991287136,55.17388916015625,0.0,0.10063559322033898,0.02754237288135593,
method4,YOLOv8分割(主方法),16,16,100.0,145.6652134656906,5.138963254375744,8.246605396270752,0.9056602395365028,0.0,,0.9221171221016493
